,opening_name,count
0,Van't Kruijs Opening,368
1,Sicilian Defense,358
2,Sicilian Defense: Bowdler Attack,296
3,Scotch Game,271
4,French Defense: Knight Variation,271
5,Scandinavian Defense: Mieses-Kotroc Variation,259
6,Queen's Pawn Game: Mason Attack,232
7,Queen's Pawn Game: Chigorin Variation,229
8,Scandinavian Defense,223
9,Horwitz Defense,209
10,Caro-Kann Defense,199
11,Philidor Defense #3,198
12,Philidor Defense #2,193
13,Indian Game,181
14,Italian Game: Anti-Fried Liver Defense,180
15,Four Knights Game: Italian Variation,176
16,Modern Defense,174
17,Owen Defense,168
18,King's Pawn Game: Wayward Queen Attack,164
19,Sicilian Defense: Old Sicilian,159
20,King's Pawn Game: Leonardis Variation,154
21,Queen's Pawn Game,142
22,Philidor Defense,135
23,Ruy Lopez: Steinitz Defense,134
24,Hungarian Opening,130
25,French Defense: Normal Variation,129
26,Queen's Pawn,129
27,Bishop's Opening,128
28,Queen's Gambit Refused: Marshall Defense,127
29,Queen's Pawn Game #2,118
30,Queen's Gambit Declined,116
31,Queen's Pawn Game: Zukertort Variation,114
32,Queen's Gambit Accepted: Old Variation,111
33,Italian Game,109
34,French Defense: Exchange Variation,109
35,Sicilian Defense: Smith-Morra Gambit #2,108
36,Giuoco Piano,108
37,Pirc Defense #4,107
38,French Defense #2,106
39,King's Pawn Game: McConnell Defense,100
40,English Opening: King's English Variation,98
41,Bishop's Opening: Berlin Defense,94
42,Three Knights Opening,88
43,King's Knight Opening,87
44,Russian Game: Three Knights Game,85
45,King's Knight Opening: Normal Variation,84
46,Queen's Pawn Game: London System,79
47,King's Pawn Game: Damiano Defense,79
48,Bird Opening,77
49,Mieses Opening,77
50,Ruy Lopez: Berlin Defense #2,73
51,Italian Game: Two Knights Defense |  Modern Bishop's Opening,72
52,Sicilian Defense: Alapin Variation,71
53,Sicilian Defense: Closed Variation,71
54,Italian Game: Giuoco Pianissimo |  Italian Four Knights Variation,70
55,Sicilian Defense: McDonnell Attack,68
56,Sicilian Defense: Nyezhmetdinov-Rossolimo Attack,68
57,Caro-Kann Defense: Exchange Variation,66
58,Russian Game: Urusov Gambit,64
59,Bird Opening: Dutch Variation,64
60,Sicilian Defense: French Variation,63
61,Scandinavian Defense: Main Line,62
62,Sicilian Defense: Najdorf Variation,62
63,Scandinavian Defense: Modern Variation #2,60
64,Center Game #2,60
65,King's Pawn Game: Napoleon Attack,59
66,Sicilian Defense #2,59
67,King's Pawn Game: Busch-Gass Gambit,58
68,Italian Game: Giuoco Pianissimo |  Normal,58
69,Caro-Kann Defense: Advance Variation,57
70,Queen's Pawn Game #3,56
71,Polish Opening,56
72,Elephant Gambit,56
73,King's Pawn Game,56
74,Sicilian Defense: Staunton-Cochrane Variation,53
75,French Defense: Steinitz Attack,53
76,Zukertort Opening: Queen's Gambit Invitation,53
77,Nimzowitsch Defense: Kennedy Variation |  Linksspringer Variation,52
78,Sicilian Defense: Closed Variation |  Traditional,52
79,French Defense: Advance Variation |  Paulsen Attack,52
80,King's Indian Attack,51
81,Ruy Lopez,50
82,English Defense #2,50
83,Saragossa Opening,50
84,Queen's Pawn Game: Symmetrical Variation,49
85,Rat Defense: Small Center Defense,49
86,Dutch Defense,48
87,Center Game: Normal Variation,47
88,Ruy Lopez: Exchange Variation,47
89,Alekhine Defense,46
90,St. George Defense,46
91,English Opening: The Whale,46
92,English Opening: King's English Variation |  Reversed Sicilian,46
93,Englund Gambit,45
94,English Opening: Anglo-Scandinavian Defense,45
95,Queen's Gambit Accepted,45
96,Scotch Game: Classical Variation,44
97,Sicilian Defense: Delayed Alapin,43
98,Pirc Defense #5,43
99,Philidor Defense: Exchange Variation #2,42
100,French Defense: Advance Variation #3,42
101,Zukertort Opening: Sicilian Invitation,42
102,Zukertort Opening: Tennison Gambit,42
103,Petrov's Defense,42
104,Slav Defense #2,42
105,Robatsch (Modern) Defense,42
106,Italian Game: Schilling-Kostic Gambit,41
107,French Defense: Queen's Knight,41
108,King's Gambit,40
109,Ruy Lopez: Classical Variation,40
110,Queen's Gambit Declined: Queen's Knight Variation,40
111,French Defense: La Bourdonnais Variation,40
112,Russian Game: Damiano Variation,40
113,Ruy Lopez: Morphy Defense |  Caro Variation,40
114,King's Pawn Game: Wayward Queen Attack |  Kiddie Countergambit,39
115,Bishop's Opening: Boi Variation,39
116,Zukertort Opening: Black Mustang Defense,39
117,French Defense: Advance Variation |  Nimzowitsch System,38
118,Caro-Kann Defense: Hillbilly Attack,38
119,Ruy Lopez: Cozio Defense,38
120,Slav Defense: Three Knights Variation,37
121,Four Knights Game: Spanish Variation,36
122,King's Pawn Game: Nimzowitsch Defense,36
123,Ruy Lopez: Bird Variation,36
124,Nimzowitsch Defense,36
125,Philidor Defense: Exchange Variation,36
126,Four Knights Game,36
127,Sicilian Defense: Open #3,36
128,Petrov's Defense #2,36
129,Slav Defense,36
130,English Opening: Symmetrical Variation,35
131,Sicilian Defense: Najdorf |  Lipnitsky Attack,35
132,Englund Gambit Declined |  Reversed French,35
133,Nimzo-Indian Defense: Ragozin Variation,35
134,Reti Opening,35
135,Old Benoni Defense,35
136,Scotch Game: Schmidt Variation,34
137,Mikenas Defense,34
138,King's Pawn Game: Maroczy Defense,33
139,Pirc Defense: Classical Variation,33
140,Ponziani Opening,33
141,Semi-Slav Defense,33
142,Van Geet Opening,33
143,Alekhine Defense: Scandinavian Variation,33
144,French Defense: Advance Variation #2,32
145,Old Indian Defense,32
146,Vienna Game,32
147,Queen's Pawn Game: Colle System,32
148,French Defense: King's Indian Attack,32
149,King's Indian Defense,32
150,Nimzo-Larsen Attack: Classical Variation,32
151,Queen's Gambit Declined: Normal Defense,32
152,Sicilian Defense: Canal Attack |  Main Line,31
153,Italian Game: Giuoco Pianissimo,31
154,Italian Game: Classical Variation |  Giuoco Pianissimo,31
155,Sicilian Defense: Loewenthal Variation,31
156,English Opening: Agincourt Defense,31
157,Italian Game: Two Knights Defense |  Knight Attack |  Normal Variation,30
158,English Opening: Anglo-Indian Defense,30
159,Sicilian Defense: Modern Variations |  Main Line,30
160,Ponziani Opening: Jaenisch Counterattack,30
161,Four Knights Game: Scotch Variation Accepted,30
162,Grob Opening,29
163,Dutch Defense: Queen's Knight Variation,29
164,English Opening: King's English Variation |  Two Knights Variation,29
165,Nimzo-Larsen Attack,29
166,Kadas Opening,29
167,Sicilian Defense: Smith-Morra Gambit,29
168,Italian Game: Two Knights Defense |  Fried Liver Attack,29
169,Nimzo-Larsen Attack: Modern Variation #4,28
170,Philidor Defense #4,28
171,Vienna Game: Stanley Variation,28
172,French Defense: Advance Variation,28
173,Ruy Lopez: Exchange Variation |  Lutikov Variation,28
174,Sicilian Defense: Paulsen Variation,27
175,King's Pawn Game: Macleod Attack,27
176,French Defense: Two Knights Variation,27
177,Caro-Kann Defense: Advance Variation |  Short Variation,26
178,King's Gambit Accepted |  MacLeod Defense,26
179,Danish Gambit,26
180,Mieses Opening: Reversed Rat,26
181,Caro-Kann Defense: Classical Variation,26
182,Anderssen Opening,26
183,Italian Game: Classical Variation #2,26
184,Ruy Lopez: Berlin Defense |  Improved Steinitz Defense,26
185,Sicilian Defense: Closed,25
186,Semi-Slav Defense: Accelerated Move Order,25
187,Nimzo-Indian Defense,25
188,Four Knights Game: Spanish Variation |  Classical Variation,25
189,King's Gambit Accepted |  Schallopp Defense,24
190,Italian Game: Hungarian Defense,24
191,Zukertort Opening: Kingside Fianchetto,24
192,English Opening,24
193,Nimzowitsch Defense: Scandinavian Variation |  Advance Variation,24
194,Italian Game: Two Knights Defense,24
195,Ware Opening,24
196,Sicilian Defense: Open,24
197,Sicilian Defense: Najdorf Variation |  English Attack,24
198,Nimzowitsch Defense |  Declined Variation,24
199,Nimzowitsch-Larsen Attack,23
200,Zukertort Opening: Pirc Invitation,23
201,Queen's Pawn Game: Anti-Torre,23
202,King's Gambit Declined |  Queen's Knight Defense,23
203,Pirc Defense #2,23
204,Sicilian Defense: Hyperaccelerated Dragon,23
205,French Defense: Advance Variation #4,22
206,Queen's Pawn Game: Krause Variation,22
207,East Indian Defense,22
208,Trompowsky Attack,22
209,Italian Game: Two Knights Defense |  Polerio Defense |  Bishop Check Line,22
210,King's Pawn Game: King's Head Opening #2,22
211,Benoni Defense: Benoni Gambit Accepted,22
212,Slav Defense: Modern Line,21
213,Portuguese Opening,21
214,Caro-Kann Defense: Two Knights Attack,21
215,Ruy Lopez: Morphy Defense |  Anderssen Variation,21
216,English Opening: King's English Variation |  Reversed Closed Sicilian,21
217,Sicilian Defense: Classical Variation,21
218,English Opening: Great Snake Variation,21
219,Gedult's Opening,21
220,Pirc Defense #3,20
221,Sicilian Defense: Kan Variation |  Knight Variation,20
222,Indian Game: London System,20
223,Yusupov-Rubinstein System,20
224,English Opening: Caro-Kann Defensive System,20
225,Blackmar-Diemer Gambit,20
226,Ruy Lopez: Morphy Defense |  Tarrasch Variation,20
227,London System,20
228,Ruy Lopez: Berlin Defense |  Rio Gambit Accepted,20
229,French Defense: Advance Variation |  Euwe Variation,20
230,Queen's Pawn Game: Steinitz Countergambit,20
231,French Defense: Paulsen Variation,19
232,Alekhine Defense: Maroczy Variation,19
233,Slav Defense: Exchange Variation,19
234,Sicilian Defense: Dragon Variation,19
235,Queen's Gambit Accepted: Saduleto Variation,19
236,Pirc Defense,19
237,King's Indian Defense: Normal Variation |  Rare Defenses,19
238,Reti Opening #2,19
239,Indian Game: East Indian Defense,18
240,Sicilian Defense: Accelerated Dragon |  Modern Variation,18
241,Zukertort Opening: Queenside Fianchetto Variation,18
242,Queen's Gambit Declined: Modern Variation,18
243,Queen's Pawn Game: Franco-Sicilian Defense,18
244,Nimzowitsch Defense: Franco-Nimzowitsch Variation,18
245,Budapest Defense: Adler Variation,18
246,Danish Gambit Accepted,18
247,French Defense: Marshall Variation,18
248,Sicilian Defense: Accelerated Dragon,18
249,English Opening: Symmetrical Variation |  Normal Variation,18
250,King's Indian Defense: Normal Variation |  King's Knight Variation,18
251,Sicilian Defense: Franco-Sicilian Variation,18
252,King's Pawn,18
253,English Defense,18
254,Sicilian Defense: Chekhover Variation,18
255,Three Knights Opening #2,17
256,Zukertort Opening: Ross Gambit,17
257,Zukertort Opening: Reversed Mexican Defense,17
258,Four Knights Game: Scotch Variation,17
259,Queen's Gambit Declined: Three Knights Variation,17
260,Queen's Gambit Declined: Traditional Variation,17
261,Queen's Pawn Game: Levitsky Attack,17
262,Sicilian Defense: Delayed Alapin Variation,17
263,French Defense: Mediterranean Defense,17
264,Nimzo-Larsen Attack: Modern Variation #2,17
265,French Defense: Advance Variation |  Milner-Barry Gambit,17
266,Center Game: Paulsen Attack Variation,17
267,French Defense: Classical Variation |  Steinitz Variation,17
268,Semi-Slav Defense: Main Line,17
269,Alekhine Defense: Normal Variation,17
270,Scandinavian Defense: Icelandic-Palme Gambit,17
271,Queen's Pawn Game: Stonewall Attack,16
272,Ruy Lopez: Exchange Variation |  Normal Variation,16
273,Indian Game: West Indian Defense,16
274,Goldsmith Defense,16
275,King's Pawn Game: Gunderam Gambit,16
276,Italian Game: Two Knights Defense |  Knight Attack,16
277,Sicilian Defense: Hyperaccelerated Fianchetto,16
278,Torre Attack #2,16
279,King's Pawn Game: Beyer Gambit,16
280,Nimzo-Larsen Attack: Indian Variation,16
281,Barnes Defense,16
282,English Opening: Anglo-Lithuanian Variation,16
283,Nimzo-Indian Defense #2,15
284,Queen's Gambit Accepted: Rosenthal Variation,15
285,Ruy Lopez: Morphy Defense,15
286,English Opening: Carls-Bremen System,15
287,Vienna Game: Falkbeer Variation,15
288,Ruy Lopez: Berlin Defense |  Beverwijk Variation,15
289,Italian Game: Classical Variation |  Greco Gambit |  Traditional Line,15
290,Italian Game: Giuoco Piano |  Greco's Attack,15
291,Sicilian Defense: Grand Prix Attack,15
292,Queen's Gambit Refused: Austrian Defense,15
293,Queen's Gambit Refused: Albin Countergambit,15
294,King's Pawn Game: Mengarini's Opening,15
295,Colle System,15
296,English Opening: Anglo-Dutch Defense,14
297,Queen's Gambit Declined: Exchange Variation,14
298,Elephant Gambit: Paulsen Countergambit,14
299,English Opening: King's English Variation |  Kramnik-Shirov Counterattack,14
300,Alekhine Defense: Two Pawn Attack,14
301,Scotch Game: Classical Variation |  Intermezzo Variation,14
302,Scandinavian Defense: Panov Transfer,14
303,Center Game: Berger Variation,14
304,Nimzo-Larsen Attack: Modern Variation #3,14
305,King's Gambit Accepted |  King's Knight Gambit,14
306,Amar Opening,14
307,Hungarian Opening: Indian Defense,14
308,Nimzo-Indian Defense: Classical Variation,14
309,English Opening: Anglo-Indian Defense |  Queen's Knight Variation,14
310,Sicilian Defense: Nyezhmetdinov-Rossolimo Attack |  Fianchetto Variation,14
311,Queen's Pawn Game: Symmetrical Variation |  Pseudo-Catalan,14
312,Sicilian Defense: Canal-Sokolsky Attack,14
313,Queen's Gambit,14
314,Polish Defense,14
315,Torre Attack,14
316,Ruy Lopez: Berlin Defense,14
317,Bishop's Opening: Ponziani Gambit,13
318,King's Indian Defense: Six Pawns Attack,13
319,Ruy Lopez: Classical Variation |  Central Variation,13
320,Gruenfeld Defense: Three Knights Variation |  Burille Variation,13
321,Center Game,13
322,Indian Game: Tartakower Attack,13
323,Slav Defense: Quiet Variation |  Pin Defense,13
324,Queen's Gambit Declined: 4.Bg5 Be7,13
325,Queen's Gambit Accepted: Central Variation |  Greco Variation,13
326,Ruy Lopez: Morphy Defense |  Classical Defense Deferred,13
327,French Defense: Tarrasch Variation,13
328,Rat Defense: Balogh Defense,13
329,King's Pawn Opening: 2.b3,12
330,Ruy Lopez: Exchange Variation |  King's Bishop Variation,12
331,Alekhine Defense: Mokele Mbembe,12
332,King's Knight Opening: Konstantinopolsky,12
333,Queen's Pawn Opening: Veresov |  Richter Attack,12
334,King's Gambit Accepted |  Fischer Defense,12
335,Sicilian Defense: Snyder Variation,12
336,King's Indian Defense: Four Pawns Attack,12
337,King's Indian Attack: Symmetrical Defense,12
338,Queen's Gambit Accepted: Normal Variation,12
339,Sicilian Defense: Lasker-Pelikan Variation,12
340,Queen's Gambit Declined: Exchange Variation |  Positional Variation #2,12
341,Queen's Gambit Declined: Modern Variation |  Normal Line,12
342,King's Pawn Game: Tayler Opening,12
343,Queen's Gambit Refused: Albin Countergambit |  Normal Line,12
344,Duras Gambit,12
345,Nimzowitsch Defense: Williams Variation,12
346,Queen's Gambit Refused: Chigorin Defense #3,12
347,Queen's Indian Defense,12
348,Caro-Kann Defense: Advance Variation |  Botvinnik-Carls Defense,12
349,Ware Defense,12
350,Italian Game: Giuoco Pianissimo |  Canal Variation,12
351,Scandinavian Defense: Blackburne Gambit,12
352,Scotch Game: Lolli Variation,12
353,Bishop's Opening: Philidor Counterattack,12
354,Four Knights Game: Gunsberg Variation,12
355,Scotch Game: Scotch Gambit,12
356,English Opening: King's English Variation |  Three Knights System,11
357,Slav Defense #3,11
358,Russian Game: Cozio (Lasker) Attack,11
359,Gunderam Defense,11
360,Nimzo-Larsen Attack: Modern Variation,11
361,Queen's Pawn Game: Torre Attack,11
362,King's Gambit Accepted |  Bishop's Gambit,11
363,Van Geet Opening: Reversed Nimzowitsch,11
364,Sicilian Defense: Dragon |  6.Be3,11
365,Caro-Kann Defense: Advance Variation |  Van der Wiel Attack,11
366,Hungarian Opening: Symmetrical Variation,11
367,Italian Game: Classical Variation |  Albin Gambit,11
368,French Defense: Advance Variation |  Main Line,11
369,Queen's Gambit Refused: Baltic Defense,11
370,Sicilian Defense: Paulsen Variation |  Normal Variation,11
371,Bird Opening: From's Gambit,11
372,Danish Gambit Accepted |  Copenhagen Defense,11
373,Caro-Kann Defense: Breyer Variation,11
374,Zukertort Opening: Slav Invitation,11
375,Indian Game: Pawn Push Variation,10
376,Four Knights Game: Ranken Variation,10
377,Vienna Game: Anderssen Defense,10
378,Danish Gambit Accepted |  Classical Defense,10
379,Paleface Attack,10
380,Tarrasch Defense: Symmetrical Variation,10
381,Zukertort Opening: Old Indian Attack,10
382,Blumenfeld Countergambit #2,10
383,Sicilian Defense: Modern Variations |  Anti-Qxd4 Move Order,10
384,Queen's Pawn Game: Colle System |  Anti-Colle,10
385,Scandinavian Defense: Gubinsky-Melts Defense,10
386,Richter-Veresov Attack,10
387,Reti Opening: Reti Accepted,10
388,Dutch Defense: Normal Variation,10
389,Philidor Defense: Nimzowitsch Variation,10
390,Borg Defense,10
391,English Opening: Anglo-Indian Defense |  King's Indian Formation,10
392,Rat Defense: Harmonist,10
393,Scandinavian Defense: Main Line |  Mieses Variation,10
394,Queen's Gambit Refused: Chigorin Defense |  Janowski Variation,10
395,King's Indian Attack: Sicilian Variation,10
396,Rat Defense: Antal Defense,10
397,Sicilian Defense: Lasker-Pelikan Variation |  Schlechter Variation,10
398,Italian Game: Two Knights Defense |  Traxler Counterattack |  Knight Sacrifice Line,10
399,Queen's Gambit Declined: Tarrasch Defense |  Pseudo-Tarrasch,10
400,Italian Game: Two Knights Defense |  Fritz Variation,10
401,Vienna Game: Vienna Gambit,10
402,French Defense: Steiner Variation,10
403,French Defense: Schlechter Variation,10
404,Vienna Game: Stanley Variation |  Reversed Spanish,10
405,Italian Game: Two Knights Defense |  Polerio Defense,10
406,Sicilian Defense: Kalashnikov Variation,10
407,Sicilian Defense: Najdorf Variation |  Adams Attack,9
408,Sicilian Defense: Lasker-Dunne Attack,9
409,Slav Defense: Quiet Variation |  Schallopp Defense,9
410,King's Indian Defense: Normal Variation,9
411,French Defense: Reti-Spielmann Attack,9
412,Ruy Lopez: Morphy Defense |  Neo-Arkhangelsk Variation,9
413,Scotch Game: Haxo Gambit,9
414,French Defense,9
415,Indian Game: Budapest Defense,9
416,English Opening: King's English Variation |  Four Knights Variation |  Quiet Line #3,9
417,Sicilian Defense: Scheveningen Variation |  Classical Variation,9
418,English Opening: Anglo-Indian Defense |  King's Knight Variation,9
419,Queen's Gambit Declined: Harrwitz Attack,9
420,Sicilian Defense: Kan Variation |  Wing Attack,9
421,Indian Game: Przepiorka Variation,9
422,Sicilian Defense: Wing Gambit,9
423,Indian Game: Seirawan Attack,9
424,Indian Game: Spielmann-Indian,9
425,Queen's Gambit Refused: Chigorin Defense #2,9
426,Sicilian Defense: Wing Gambit |  Marshall Variation,9
427,Sicilian Defense: Jalalabad Variation,9
428,Nimzo-Indian Defense: Saemisch Variation |  Accelerated,9
429,Queen's Gambit Refused: Chigorin Defense |  Exchange Variation,9
430,Ruy Lopez: Exchange Variation |  Keres Variation,9
431,Queen's Gambit Refused: Chigorin Defense |  Modern Gambit,9
432,English Opening: Symmetrical Variation |  Fianchetto Variation,9
433,Sicilian Defense: Accelerated Dragon |  Exchange Variation,9
434,Sicilian Defense: Najdorf Variation |  Opocensky Variation,9
435,Latvian Gambit Accepted,9
436,Scandinavian Defense: Portuguese Variation,9
437,Nimzowitsch Defense: Scandinavian Variation |  Exchange Variation,9
438,Colle System #2,9
439,Gruenfeld Defense: Exchange Variation |  Modern Exchange Variation,9
440,Caro-Kann Defense: Advance Variation |  Bayonet Attack,9
441,Clemenz Opening,9
442,Scotch Game: Scotch Gambit |  Advance Variation,9
443,Nimzo-Larsen Attack: English Variation,9
444,Sicilian Defense: Alapin Variation |  Barmen Defense,9
445,Petrov: Modern Attack,9
446,King's Indian Defense: Orthodox Variation,8
447,Caro-Kann Defense: Maroczy Variation,8
448,Zukertort Opening: Nimzo-Larsen Variation,8
449,Queen's Gambit Declined: Exchange Variation |  Positional Variation,8
450,French Defense: Advance |  Steinitz Variation,8
451,Sicilian Defense: French Variation |  Open,8
452,King's Gambit Accepted |  Polerio Gambit,8
453,Sicilian Defense: Kan Variation,8
454,Scotch Game: Benima Defense,8
455,Slav Defense: Quiet Variation,8
456,Dutch Defense: Raphael Variation,8
457,Pirc Defense: Byrne Variation,8
458,Sicilian Defense: Godiva Variation,8
459,Sicilian Defense: Alapin Variation |  Smith-Morra Declined,8
460,Ruy Lopez: Closed,8
461,Sicilian Defense: Nimzowitsch Variation |  Advance Variation,8
462,Van Geet Opening: Napoleon Attack,8
463,King's Pawn Game: Dresden Opening,8
464,Sicilian Defense: Accelerated Dragon |  Modern Bc4 Variation,8
465,Vienna Game: Max Lange Defense,8
466,Bishop's Opening: Vienna Hybrid |  Spielmann Attack,8
467,Caro-Kann Defense: Panov Attack #2,8
468,Nimzowitsch Defense: Mikenas Variation,8
469,French Defense: Winawer Variation |  Delayed Exchange Variation,8
470,King's Pawn Game: Tortoise Opening,8
471,Crab Opening,8
472,French Defense: Exchange Variation |  Monte Carlo Variation,8
473,French Defense: Winawer Variation |  Advance Variation,8
474,Center Game: Hall Variation,8
475,Sicilian Defense: O'Kelly Variation |  Yerevan System,8
476,Ruy Lopez: Morphy Defense |  Graz Variation,8
477,Benko Gambit,8
478,French Defense: Rubinstein Variation,8
479,English Opening: King's English Variation |  Four Knights Variation |  Fianchetto Line,8
480,Sicilian Defense: Scheveningen Variation,8
481,Sicilian Defense: Nimzowitsch Variation |  Closed Variation,8
482,Franco-Benoni Defense,8
483,Hungarian Opening: Slav Formation,8
484,French Defense: Chigorin Variation,8
485,Bishop's Opening: Vienna Hybrid,8
486,Philidor Defense: Exchange Variation #3,8
487,Philidor Defense: Hanham Variation,8
488,King's Indian Defense: Zinnowitz Variation,7
489,Zukertort Opening: Dutch Variation,7
490,King's Indian Defense: Saemisch Variation |  Normal Defense,7
491,King's Indian Defense: Makogonov Variation,7
492,English Opening: Agincourt Defense #3,7
493,Sicilian Defense: Four Knights Variation,7
494,Latvian Gambit,7
495,Englund Gambit Complex: Englund Gambit,7
496,Queen's Gambit Accepted: Central Variation |  Modern Defense,7
497,French Defense: Exchange Variation |  Svenonius Variation,7
498,Scotch Gambit,7
499,Semi-Slav Defense: Normal Variation,7
500,English Opening: Anglo-Indian Defense |  Hedgehog System,7
501,French Defense: Steinitz Variation |  Boleslavsky Variation,7
502,Ruy Lopez: Morphy Defense |  Modern Steinitz Defense,7
503,Four Knights Game: Spanish Variation |  Rubinstein Variation,7
504,Sicilian Defense: Paulsen Variation |  Bastrikov Variation,7
505,Sicilian Defense: Sozin Attack,7
506,Modern Defense: Standard Defense,7
507,Sicilian Defense: Kan Variation |  Modern Variation,7
508,French Defense: Classical Variation,7
509,Sicilian Defense: Pin Variation,7
510,Dutch Defense: Rubinstein Variation,7
511,English Opening: Agincourt Defense #2,7
512,Scotch Game: Scotch Gambit |  Sarratt Variation,7
513,Italian Game: Deutz Gambit,7
514,Caro-Kann Defense: Tartakower Variation,7
515,Four Knights Game: Double Spanish,7
516,Sicilian Defense: Dragon Variation |  Classical Variation #2,7
517,Italian Game: Evans Gambit Declined,7
518,Sicilian Defense: Modern Variations,7
519,Sicilian Defense: Mengarini Variation,7
520,King's Pawn Game: King's Head Opening,7
521,Queen's Indian Defense: Spassky System,7
522,Blackmar-Diemer Gambit: Ryder Gambit,7
523,Scandinavian Defense: Marshall Variation,7
524,Queen's Indian Defense: Fianchetto Traditional,7
525,Sicilian Defense: French Variation |  Normal,7
526,King's Indian Defense: Smyslov Variation,7
527,English Opening: Symmetrical Variation |  Four Knights Variation,7
528,Sicilian Defense: Accelerated Dragon |  Maroczy Bind,7
529,Scotch Game: Potter Variation,6
530,Sicilian Defense: Kramnik Variation,6
531,Sicilian Defense: Marshall Counterattack,6
532,King's Indian Attack: French Variation,6
533,Scotch Game: Malaniuk Variation,6
534,Four Knights Game: Italian Variation |  Noa Gambit,6
535,Nimzo-Indian Defense: Leningrad Variation,6
536,Modern Defense: Two Knights Variation,6
537,Nimzowitsch Defense: Scandinavian Variation |  Bogoljubov Variation,6
538,Sicilian Defense: Najdorf Variation |  Amsterdam Variation,6
539,Nimzo-Indian Defense: Classical Variation |  Noa Variation,6
540,Sicilian Defense: Smith-Morra Gambit Accepted |  Scheveningen Formation,6
541,Modern Defense: Mongredien Defense #2,6
542,Nimzo-Larsen Attack: Symmetrical Variation,6
543,Pirc Defense: Austrian Attack |  Weiss Variation,6
544,Modern Defense: Bishop Attack,6
545,King's Gambit Accepted: Modern Defense #2,6
546,King's Gambit Declined |  Classical Variation,6
547,Pirc Defense: Classical Variation |  Schlechter Variation,6
548,King's Indian Defense: Saemisch Variation,6
549,Sicilian Defense: Lasker-Pelikan Variation |  Retreat Variation,6
550,Queen's Gambit Accepted: Accelerated Mannheim Variation,6
551,King's Gambit Declined: Keene's Defense #2,6
552,Benoni Defense,6
553,Slav Defense: Bonet Gambit,6
554,Bishop's Opening: Calabrese Countergambit,6
555,Bishop's Opening: Khan Gambit,6
556,English Opening: King's English Variation |  Two Knights Variation |  Smyslov System,6
557,Slav Defense: Modern,6
558,Gruenfeld Defense: Exchange Variation,6
559,Italian Game: Evans Gambit |  McDonnell Defense,6
560,Sicilian Defense: Drazic Variation,6
561,Three Knights Opening: Winawer Defense,6
562,Queen's Pawn Game: Veresov Attack |  Classical Defense,6
563,Trompowsky Attack: Classical Defense |  Big Center Variation,6
564,Rat Defense: English Rat,6
565,Indian Game: Anti-Nimzo-Indian,6
566,Hungarian Opening: Catalan Formation,6
567,Sicilian Defense: Dragon Variation |  Yugoslav Attack,6
568,Hippopotamus Defense #2,6
569,Russian Game: Damiano Variation |  Kholmov Gambit,6
570,Russian Game: Nimzowitsch Attack,6
571,Scandinavian Defense: Blackburne-Kloosterboer Gambit,6
572,Blackmar-Diemer Gambit: Zeller Defense,6
573,English Opening: Anglo-Gruenfeld Defense,6
574,Benoni Defense: Czech Benoni Defense,6
575,Ruy Lopez: Closed Variations,6
576,Sicilian Defense: Closed #2,6
577,French Defense: Winawer Variation,6
578,English Opening: Four Knights System |  Nimzowitsch Variation,6
579,Blackmar-Diemer Gambit: Gedult Gambit,6
580,French Defense: Tarrasch Variation |  Open System |  Suechting Line,6
581,French Defense: Tarrasch Variation |  Closed Variation |  Main Line,6
582,French Defense: Tarrasch Variation |  Closed Variation,6
583,Zukertort Opening: Arctic Defense,6
584,French Defense: Rubinstein Variation |  Blackburne Defense,6
585,Vienna Game: Zhuravlev Countergambit #2,6
586,Ruy Lopez: Nuernberg Variation,6
587,Caro-Kann Defense: Advance Variation |  Tal Variation,6
588,English Opening: Symmetrical Variation |  Two Knights Variation,6
589,Italian Game: Two Knights Defense |  de Riviere Gambit,6
590,Tarrasch Defense,6
591,Queen's Gambit Declined: Vienna Variation,6
592,English Opening: King's English Variation |  Two Knights Variation |  Reversed Dragon,6
593,Queen's Gambit Refused: Baltic Defense |  Pseudo-Slav,6
594,Slav Indian,6
595,Italian Game: Two Knights Defense |  Polerio Defense |  Suhle Defense,6
596,Queen's Gambit Refused: Chigorin Defense,6
597,Englund Gambit Declined |  Reversed Alekhine,5
598,Englund Gambit Complex: Soller Gambit,5
599,Creepy Crawly Formation: Classical Defense,5
600,French Defense: Winawer Variation |  Fingerslip Variation,5
601,Nimzowitsch Defense: Pseudo-Spanish Variation,5
602,Italian Game: Two Knights Defense |  Traxler Counterattack |  Bishop Sacrifice Line,5
603,French Defense: Winawer Variation |  Winckelmann-Riemer Gambit,5
604,Caro-Kann Defense: Exchange Variation |  Rubinstein Variation,5
605,Sicilian Defense: Closed Variation |  Fianchetto Variation,5
606,French Defense: Winawer Variation |  Advance Variation #2,5
607,Ruy Lopez: Berlin Defense |  l'Hermet Variation,5
608,Carr Defense,5
609,Scotch Game: Scotch Gambit |  Dubois Reti Defense,5
610,Gruenfeld Defense,5
611,Sicilian Defense: O'Kelly Variation |  Normal System |  Taimanov Line,5
612,Alekhine Defense: Modern Variation |  Main Line,5
613,Caro-Kann Defense: Two Knights Attack |  Mindeno Variation |  Retreat Line,5
614,Nimzowitsch Defense: Lean Variation |  Colorado Counter Accepted,5
615,Italian Game: Rousseau Gambit,5
616,Englund Gambit Complex: Hartlaub-Charlick Gambit,5
617,Nimzowitsch Defense: Kennedy Variation,5
618,Nimzo-Indian Defense: Classical Variation |  Berlin Variation,5
619,French Defense: Horwitz Attack,5
620,Sicilian Defense: Katalimov Variation,5
621,Sicilian Defense: Paulsen Variation |  Szen Variation,5
622,English Opening: Mikenas-Carls Variation #2,5
623,Sicilian Defense: Brick Variation,5
624,Modern Defense: Three Pawns Attack,5
625,English Opening: King's English Variation |  Four Knights Variation #2,5
626,Nimzo-Indian Defense: Normal Variation |  Ragozin Variation,5
627,French Defense: Steinitz Variation #2,5
628,Ruy Lopez: Spanish Countergambit,5
629,Sicilian Defense: Scheveningen Variation |  English Attack #2,5
630,Slav Defense: Exchange Variation |  Schallopp Variation,5
631,Nimzo-Indian Defense: Three Knights Variation,5
632,French Defense: Tarrasch Variation |  Closed Variation #2,5
633,French Defense: Tarrasch Variation |  Open System,5
634,Semi-Slav Defense: Marshall Gambit,5
635,Mexican Defense,5
636,English Opening: Symmetrical Variation |  Duchamp Variation,5
637,King's Gambit Declined |  Petrov's Defense,5
638,Guatemala Defense,5
639,Caro-Kann Defense: Two Knights Attack |  Mindeno Variation,5
640,Scandinavian Defense: Modern Variation,5
641,Sicilian Defense: Wing Gambit |  Carlsbad Variation,5
642,Philidor Defense: Philidor Countergambit,5
643,Philidor Defense: Nimzowitsch Variation #2,5
644,Philidor Defense: Lopez Countergambit,5
645,Queen's Gambit Accepted: Central Variation |  McDonnell Defense,5
646,English Opening: Anglo-Indian Defense |  Scandinavian Defense,5
647,Indian Game: Wade-Tartakower Defense,5
648,Russian Game: Classical Attack,5
649,Ruy Lopez: Schliemann Defense |  Jaenisch Gambit Accepted,5
650,Caro-Kann Defense: Classical |  Spassky Variation,5
651,Caro-Kann Defense: Karpov Variation,5
652,Queen's Pawn Game: Anglo-Slav Opening,5
653,Queen's Pawn Game: Veresov Attack |  Alburt Defense,5
654,Amazon Attack,5
655,Sicilian Defense: Dragon Variation |  Yugoslav Attack |  Main Line,5
656,Queen's Indian Defense: Kasparov Variation,5
657,Caro-Kann Defense: Panov Attack,5
658,Scandinavian Defense: Modern Variation |  Gipslis Variation,4
659,Sicilian Defense: Open #2,4
660,Queen's Gambit Declined: Neo-Orthodox Variation |  Main Line,4
661,Budapest Defense,4
662,Canard Opening,4
663,Sicilian Defense: Kronberger Variation,4
664,Caro-Kann Defense #2,4
665,Sicilian Defense: Kan Variation |  Maroczy Bind |  Reti Variation,4
666,Ruy Lopez: Morphy Defense |  Mackenzie Variation,4
667,Caro-Kann Defense: Accelerated Panov Attack #2,4
668,Sicilian Defense: Dragon Variation |  Yugoslav Attack |  Old Line,4
669,Polish Opening: Bugayev Attack,4
670,Ruy Lopez: Morphy Defense |  Modern Steinitz Defense #2,4
671,Polish Opening: Czech Defense,4
672,Queen's Indian Accelerated,4
673,Ruy Lopez: Morphy Defense |  Steinitz Deferred,4
674,Caro-Kann Defense: Alekhine Gambit,4
675,Sicilian Defense: Alapin Variation |  Stoltz Attack,4
676,Sicilian Defense: Prins Variation,4
677,Ruy Lopez: Morphy Defense #2,4
678,Scotch Game: Modern Defense,4
679,Sicilian Defense: Dragon Variation |  Yugoslav Attack |  Modern Line,4
680,Reti Opening: Advance Variation,4
681,Caro-Kann Defense: Two Knights Attack |  Mindeno Variation |  Exchange Line,4
682,Blumenfeld Countergambit Accepted,4
683,Sicilian Defense: Lasker-Pelikan Variation |  Exchange Variation,4
684,Scandinavian Defense: Boehnke Gambit,4
685,Benoni Defense: Benoni-Indian Defense,4
686,Russian Game: Cochrane Gambit,4
687,Benoni Defense: Classical Variation,4
688,Blackmar-Diemer Gambit: Teichmann Variation,4
689,Sicilian Defense: Dragon Variation |  Modern Bc4 Variation,4
690,Sicilian Defense: Lasker-Pelikan Variation |  Sveshnikov Variation |  Chelyabinsk Variation,4
691,Philidor Defense: Lion Variation,4
692,Ruy Lopez: Columbus Variation,4
693,Ruy Lopez: Marshall Attack |  Modern Main Line,4
694,Scotch Game: Paulsen Attack,4
695,Ruy Lopez: Exchange Variation |  Gligoric Variation,4
696,Benoni Defense: Benoni-Indian Defense |  Kingside Move Order,4
697,Pirc Defense: Austrian Attack,4
698,Sicilian Defense: Hyperaccelerated Pterodactyl,4
699,Nimzowitsch Defense: Kennedy Variation |  de Smet Gambit,4
700,Nimzowitsch Defense: Kennedy Variation |  Paulsen Attack,4
701,Petrov's Defense #4,4
702,Ruy Lopez: Fianchetto Defense,4
703,Queen's Gambit Declined: Semi-Tarrasch |  5.cxd5,4
704,Semi-Slav Defense: Chigorin Defense,4
705,Old Benoni Defense #2,4
706,Center Game: Kieseritzky Variation #4,4
707,Indian Game: Anti-Gruenfeld |  Advance Variation,4
708,Alekhine Defense: Mokele Mbembe |  Vavra Defense,4
709,Sicilian Defense: Sozin Attack |  Flank Variation,4
710,English Opening: Anglo-Indian Defense |  Anglo-Gruenfeld Variation #3,4
711,Italian Game: Classical Variation |  Center Attack,4
712,Slav Defense: Exchange Variation |  Symmetrical Line,4
713,Alekhine Defense: John Tracy Gambit,4
714,English Opening: Anglo-Indian Defense |  Scandinavian Defense |  Exchange Variation,4
715,French Defense: Wing Gambit,4
716,Alekhine Defense: Exchange Variation,4
717,Vienna Game: Mengarini Variation,4
718,French Defense: Winawer Variation |  Advance Variation #3,4
719,Tarrasch Defense: Two Knights Variation,4
720,Italian Game: Bird's Attack,4
721,Indian Game: Normal Variation,4
722,Czech Defense,4
723,French Defense: Bird Invitation,4
724,King's Indian Attack: Wahls Defense,4
725,Dutch Defense: Hopton Attack,4
726,Danish Gambit Declined |  Sorensen Defense,4
727,Gruenfeld Defense: Three Knights Variation |  Petrosian System,4
728,Slav Defense: Chameleon Variation,4
729,King's Gambit |  Falkbeer Countergambit Accepted,4
730,Sicilian Defense: Smith-Morra Gambit Declined |  Center Formation,4
731,French Defense: Classical Variation |  Delayed Exchange Variation,4
732,Sicilian Defense: Sozin Attack |  Leonhardt Variation,4
733,Italian Game: Two Knights Defense |  Lolli Attack,4
734,Gruenfeld Defense: Stockholm Variation,4
735,King's Gambit Accepted |  Cunningham Defense,4
736,Van Geet Opening: Dunst-Perrenet Gambit,4
737,Englund Gambit Complex Declined,4
738,Alekhine Defense: The Squirrel,4
739,Hungarian Opening: Sicilian Invitation,4
740,King's Indian Defense: Four Pawns Attack |  Dynamic Attack,4
741,Sodium Attack,4
742,Italian Game: Classical Variation |  Greco Gambit |  Moeller-Therkatz Attack,4
743,Gruenfeld Defense: Exchange Variation |  Spassky Variation,4
744,King's Indian Defense: Fianchetto Variation |  Debrecen Defense,4
745,Italian Game: Two Knights Defense |  Open Variation,4
746,Three Knights Opening: Steinitz Defense,4
747,Italian Game: Two Knights Defense #2,4
748,Modern Defense: Geller's System,4
749,Kangaroo Defense,4
750,Hungarian Opening: Reversed Alekhine,3
751,French Defense: Rubinstein Variation |  Fort Knox Variation,3
752,Ruy Lopez: Cozio Defense |  Paulsen Variation,3
753,Queen's Gambit Refused: Chigorin Defense |  Main Line,3
754,King's Indian Attack: Keres Variation #2,3
755,Sicilian Defense: Morphy Gambit |  Andreaschek Gambit,3
756,Benoni Defense: Modern Variation,3
757,King's Indian Defense: Larsen Variation,3
758,Benoni Defense: Old Benoni,3
759,Alekhine Defense: Modern Variation |  Larsen Variation,3
760,Vienna Game: Mieses Variation,3
761,Polish Opening: King's Indian Variation,3
762,Sicilian Defense: Classical Variation |  Anti-Sozin Variation,3
763,Ruy Lopez: Exchange Variation |  Bronstein Variation,3
764,King's Indian Defense: 3.Nc3,3
765,Vienna Game: Paulsen Variation,3
766,Blackmar-Diemer Gambit Declined |  Lamb Defense,3
767,Polish Opening: Outflank Variation,3
768,French Defense: Tarrasch |  Open |  4.exd5 exd5,3
769,Sicilian Defense: Modern Variations |  Tartakower,3
770,King's Indian Defense: Exchange Variation,3
771,Queen's Pawn Game: Torre Attack |  Gruenfeld Variation |  Main Line,3
772,Russian Game: Classical Attack |  Chigorin Variation,3
773,King's Gambit Declined |  Norwalde Variation,3
774,French Defense: Winawer Variation |  Maroczy-Wallis Variation,3
775,Gruenfeld Defense: Three Knights Variation |  Paris Variation,3
776,King's Gambit Accepted |  Modern Defense,3
777,Dutch Defense: Staunton Gambit Accepted,3
778,Benoni Defense: Classical Variation |  New York Variation,3
779,Alekhine Defense: Two Pawn Attack |  Lasker Variation,3
780,Queen's Gambit Declined: Harrwitz Attack |  Orthodox Defense,3
781,Russian Game: Modern Attack |  Center Variation,3
782,Russian Game: Modern Attack |  Symmetrical Variation #2,3
783,Queen's Gambit Declined: Lasker Defense,3
784,King's Gambit Accepted |  Bishop's Gambit |  Maurian Defense,3
785,Grob Opening: Spike |  Hurst Attack,3
786,Blackmar-Diemer Gambit: von Popiel Gambit,3
787,Slav Defense: Schlechter Variation,3
788,Caro-Kann Defense: Classical |  7...Nd7,3
789,Queen's Gambit Declined: Orthodox Defense,3
790,Queen's Gambit Declined: Orthodox Defense |  Botvinnik Variation,3
791,Gruenfeld Defense: Three Knights Variation,3
792,Caro-Kann Defense: Classical Variation |  Main Line,3
793,Russian Game: Stafford Gambit,3
794,Russian Game: Paulsen Attack,3
795,Queen's Gambit Declined: Charousek (Petrosian) Variation,3
796,Russian Game: Karklins-Martinovsky Variation,3
797,Sicilian Defense: Keres Variation,3
798,Caro-Kann Defense: Classical Variation |  Flohr Variation,3
799,Italian Game: Two Knights Defense |  Polerio Defense |  Bogoljubov Variation,3
800,Bogo-Indian Defense: Exchange Variation,3
801,Gruenfeld Defense: Three Knights Variation |  Hungarian Variation,3
802,Russian Game: French Attack,3
803,Slav Defense: Czech Variation,3
804,Queen's Gambit Declined: Vienna Variation |  Quiet Variation,3
805,Italian Game: Scotch Gambit |  Janowski Defense,3
806,Italian Game: Two Knights Defense |  Ponziani-Steinitz Gambit,3
807,Caro-Kann Defense: Euwe Attack,3
808,Italian Game: Two Knights Defense |  Ulvestad Variation,3
809,Ruy Lopez: Closed Variations |  Flohr System,3
810,Ruy Lopez: Closed Variations |  Bogoljubov Variation,3
811,Queen's Gambit Accepted: Slav Gambit,3
812,Italian Game: Two Knights Defense |  Steinitz Variation,3
813,Ruy Lopez: Classical Variation |  Zukertort Gambit,3
814,Slav Defense: Czech Variation |  Wiesbaden Variation,3
815,Queen's Gambit Declined: Tartakower Variation |  Exchange Variation,3
816,Vienna Game #2,3
817,Pirc Defense: Classical Variation #2,3
818,Alekhine Defense: Saemisch Attack,3
819,Rat Defense: Accelerated Gurgenidze,3
820,Scandinavian Defense: Main Line |  Leonhardt Gambit,3
821,Four Knights Game: Halloween Gambit,3
822,Zukertort Opening: Santasiere's Folly,3
823,Alekhine Defense #2,3
824,Mikenas Defense: Cannstatter Variation,3
825,Scotch Game: Mieses Variation,3
826,Caro-Kann Defense: Accelerated Panov Attack,3
827,Bird Opening: Williams Gambit,3
828,Lion Defense: Lion's Jaw,3
829,Alekhine Defense: Scandinavian Variation |  Geschev Gambit,3
830,Nimzowitsch Defense: Breyer Variation,3
831,Lemming Defense,3
832,Zukertort Opening: Quiet System,3
833,Caro-Kann Defense: Accelerated Panov Attack |  Modern Variation,3
834,Sicilian Defense: Flohr Variation,3
835,Borg Defense: Borg Gambit,3
836,French Defense: Advance Variation |  Wade Variation,3
837,Zukertort Opening: Lisitsyn Gambit,3
838,Catalan Opening: Closed Variation,3
839,Irish Gambit,3
840,Torre Attack: Classical Defense |  Nimzowitsch Variation,3
841,Sicilian Defense: Dragon |  Classical Attack,3
842,Scotch Game: Scotch Gambit |  London Defense,3
843,Nimzo-Indian Defense: Normal Variation |  Bernstein Defense,3
844,English Opening: Symmetrical Variation |  Mecking Variation,3
845,Neo-Gruenfeld Defense: Delayed Exchange Variation,3
846,Italian Game: Classical Variation |  Greco Gambit,3
847,Sicilian Defense: Paulsen-Basman Defense,3
848,Semi-Slav Defense: Bogoljubov Variation,3
849,Modern Defense: Two Knights Variation |  Suttles Variation,3
850,Modern Defense: Standard Line,3
851,Nimzo-Indian Defense: Normal Line,3
852,Englund Gambit Complex: Felbecker Gambit,3
853,Modern Defense: Averbakh Variation,3
854,Zukertort Opening: Vos Gambit,3
855,Nimzo-Indian Defense: Normal Variation |  Gligoric System |  Bernstein Defense,3
856,Nimzo-Indian Defense: Normal Variation |  Huebner Deferred,3
857,Modern Defense: Norwegian Defense,3
858,Semi-Bononi,3
859,Nimzo-Indian Defense: Panov Attack |  Main Line,3
860,Semi-Slav Defense: Stoltz Variation,3
861,Benko Gambit Accepted |  Fully Accepted Variation,3
862,English Opening: King's English Variation |  Four Knights Variation |  Flexible Line,3
863,Queen's Gambit Declined: Semi-Tarrasch Defense |  Pillsbury Variation,3
864,Sicilian Defense: Smith-Morra Gambit Accepted |  Pin Defense,3
865,Caro-Kann Defense: Panov Attack |  Modern Defense,3
866,King's Indian Defense: Saemisch Variation |  Closed Variation |  7...c6,3
867,Dutch Defense: Classical Variation,3
868,King's Indian Defense: Saemisch Variation |  Closed Variation,3
869,English Opening: King's English Variation |  Nimzowitsch Variation,3
870,Ruy Lopez: Schliemann Defense,3
871,Ruy Lopez: Rotary-Albany Gambit,3
872,Italian Game: Jerome Gambit,3
873,Queen's Indian Defense: Fianchetto Variation,3
874,Italian Game: Rosentreter Gambit,3
875,Philidor Defense: Steinitz Variation,3
876,Italian Game: Scotch Gambit Declined,3
877,Sicilian Defense: Venice Attack,3
878,Caro-Kann Defense: Modern Variation,3
879,Queen's Indian Defense: Capablanca Variation,3
880,Pirc Defense: Austrian Attack |  Dragon Formation,3
881,System: Double Duck Formation,3
882,Pirc Defense: Austrian Attack |  Unzicker Attack,3
883,Ruy Lopez: Steinitz Defense |  Nimzowitsch Attack,3
884,Bogo-Indian Defense: Wade-Smyslov Variation,3
885,Ruy Lopez: Vinogradov Variation,3
886,French Defense: Classical Variation |  Normal Variation,3
887,Caro-Kann Defense: Advance Variation |  Bronstein Variation,3
888,Old Indian Defense: Ukrainian Variation,3
889,Sicilian Defense: O'Kelly Variation,3
890,Old Indian: Czech Variation |  with Nc3,3
891,Dutch Defense: Fianchetto Attack,3
892,King's Pawn Game: Alapin Opening,3
893,Owen Defense: Smith Gambit,3
894,Italian Game: Giuoco Piano |  Aitken Variation,3
895,French Defense: Franco-Hiva Gambit I,3
896,Sicilian Defense: Dragon Variation |  Yugoslav Attack |  Early Deviations,3
897,French Defense: Classical Variation |  Swiss Variation,3
898,Italian Game: Classical Variation,2
899,Reti Opening: Anglo-Slav Variation |  Bogoljubov Variation |  III,2
900,Hungarian Opening: Reversed Modern Defense,2
901,Bogo-Indian Defense: Gruenfeld Variation,2
902,Queen's Pawn Opening: Veresov Attack |  Irish Gambit,2
903,Trompowsky Attack: Classical Defense,2
904,Russian Game: Moody Gambit,2
905,Indian Game: Paleface Attack |  Blackmar-Diemer Gambit Deferred,2
906,Russian Game: Modern Attack |  Center Attack,2
907,Queen's Pawn Game: Zurich Gambit,2
908,Sicilian Defense: Dragon Variation |  Yugoslav Attack #2,2
909,Indian Game: Colle System |  King's Indian Variation,2
910,Bogo-Indian Defense: Nimzowitsch Variation,2
911,Richter-Veresov Attack #2,2
912,Sicilian Defense: Quinteros Variation,2
913,Gruenfeld Defense: Three Knights Variation |  Hungarian Attack,2
914,French Defense: Classical Variation |  Svenonius Variation,2
915,French Defense: Carlson Gambit,2
916,Bishop's Opening: Urusov Gambit |  Keidansky Gambit,2
917,Scandinavian Defense: Kiel Variation,2
918,French Defense: Classical Variation |  Alapin Variation,2
919,Scandinavian Defense: Classical Variation,2
920,Alekhine Defense: Four Pawns Attack |  Trifunovic Variation,2
921,Scandinavian Defense: Anderssen Counterattack,2
922,Bishop's Opening: Urusov Gambit,2
923,Blackmar-Diemer Gambit #2,2
924,Sicilian Defense: Alapin Variation |  Barmen Defense |  Central Exchange,2
925,Ruy Lopez: Open |  6.d4,2
926,Ruy Lopez: Open Variations |  Riga Variation,2
927,Ruy Lopez: Open Variations |  Open Variation,2
928,Ruy Lopez: Open Variations |  Howell Attack #2,2
929,French Defense: Burn Variation,2
930,Sicilian Defense: Accelerated Dragon |  Maroczy Bind |  Breyer Variation,2
931,Sicilian Defense: Amazon Attack,2
932,Four Knights Game: Spanish Variation |  Rubinstein Variation Accepted,2
933,Semi-Slav Defense: Romih Variation,2
934,Semi-Slav Defense: Anti-Moscow Gambit,2
935,Scotch Game: Steinitz Variation,2
936,Englund Gambit Declined |  Reversed Krebs,2
937,Scotch Game: Scotch Gambit |  Cochrane-Anderssen Variation,2
938,English Opening: Symmetrical Variation |  Full Symmetry Line,2
939,Alekhine Defense: Brooklyn Variation,2
940,Zukertort Opening: Polish Defense,2
941,English Opening: Symmetrical Variation |  Anti-Benoni Variation,2
942,Scotch Game: Goering Gambit |  Double Pawn Sacrifice,2
943,Scotch Game: Blumenfeld Attack,2
944,Alekhine Defense: Four Pawns Attack,2
945,Scotch Game: Alekhine Gambit,2
946,French Defense: Advance Variation |  Nimzowitsch Attack,2
947,Alekhine Defense: Krejcik Variation,2
948,French Defense: MacCutcheon Variation |  Chigorin Variation,2
949,Ruy Lopez: Berlin Defense |  Closed Wolf Variation,2
950,Ruy Lopez: Closed Variations |  Martinez Variation,2
951,Ruy Lopez: Closed |  8.c3,2
952,Ruy Lopez: Closed |  7...O-O,2
953,Benoni Defense: Hromadka System,2
954,Ruy Lopez: Closed Variations |  Yates Variation,2
955,Ruy Lopez: Closed Variations |  Rosen Attack,2
956,Ruy Lopez: Closed Variations |  Morphy Attack,2
957,French Defense: Winawer Variation |  Poisoned Pawn Variation,2
958,Blackmar-Diemer Gambit: Pietrowsky Defense,2
959,English Opening: Anglo-Scandinavian Defense |  Malvinas Variation,2
960,Grob Opening: Grob Gambit,2
961,Grob Opening: Grob Gambit |  Fritz Gambit,2
962,Ruy Lopez: Berlin Defense |  Rio de Janeiro Variation,2
963,Blackmar-Diemer Gambit: Vienna Variation,2
964,Ruy Lopez: Berlin Defense |  Fishing Pole Variation,2
965,Ruy Lopez: Closed |  Anti-Marshall 8.a4,2
966,Blackmar-Diemer Gambit: Netherlands Variation,2
967,Ruy Lopez: Noah's Ark Trap,2
968,Ruy Lopez: Morphy Defense |  Jaffe Gambit,2
969,Ruy Lopez: Morphy Defense |  Wormald Attack,2
970,Wade Defense,2
971,Ruy Lopez: Morphy Defense |  Schliemann Defense Deferred,2
972,French Defense: Pelikan Variation,2
973,French Defense: Perseus Gambit,2
974,Vienna Game: Vienna Gambit |  Main Line,2
975,French Defense: Tarrasch Variation |  Chistyakov Defense,2
976,French Defense: Tarrasch Variation |  Pawn Center Variation,2
977,Vienna Game: Stanley Variation |  Three Knights Variation,2
978,French Defense: Tarrasch Variation |  Guimard Defense |  Main Line,2
979,Sicilian Defense: Canal-Sokolsky Attack |  Sokolsky Variation,2
980,French Defense: Tarrasch Variation |  Morozevich Variation,2
981,French Defense: Tarrasch Variation |  Open System |  Euwe-Keres Line,2
982,Ruy Lopez: Marshall Attack,2
983,Benoni Defense: King's Pawn Line,2
984,Queen's Indian Defense: Classical Variation,2
985,Budapest Defense: Rubinstein Variation,2
986,Queen's Gambit Declined: 4.Bg5 Be7 |  5.e3 O-O,2
987,Polish Opening: Symmetrical Variation,2
988,Sicilian Defense: Morphy Gambit,2
989,Sicilian Defense: Wing Gambit |  Deferred Variation,2
990,King's Indian Defense: Fianchetto Variation |  Yugoslav System |  without Nc3,2
991,King's Indian Defense: Four Pawns Attack |  Normal Attack,2
992,Pirc Defense: Kholmov System,2
993,Pirc Defense: Classical Variation |  Quiet System |  Czech Defense,2
994,Sicilian Defense: Najdorf Variation |  English Attack |  Anti-English,2
995,Pirc Defense: Classical Variation |  Quiet System,2
996,Dutch Defense: Omega-Isis Gambit,2
997,King's Indian Defense: Orthodox Variation |  Aronin-Taimanov Defense,2
998,Sicilian Defense: Najdorf Variation |  Opocensky Variation |  Modern Line,2
999,King's Indian Defense: Orthodox Variation |  Classical System,2
1000,Caro-Kann Defense: Masi Variation,2
1001,Sicilian Defense: Najdorf Variation |  Zagreb (Fianchetto) Variation,2
1002,Caro-Kann Defense: Main Line,2
1003,King's Indian Defense: Averbakh Variation |  Geller Defense,2
1004,Ponziani Opening: Spanish Variation,2
1005,Queen's Gambit Accepted: Classical Defense,2
1006,King's Gambit Declined |  Keene Defense,2
1007,Queen's Gambit Accepted: Showalter Variation,2
1008,King's Gambit Declined |  Mafia Defense,2
1009,King's Gambit Declined |  Miles Defense,2
1010,Slav Defense: Czech Variation |  Classical System,2
1011,Queen's Gambit Accepted: Classical Defense |  Steinitz Variation |  Exchange Variation,2
1012,King's Gambit |  Falkbeer Countergambit |  Hinrichsen Gambit,2
1013,King's Indian Defense: Averbakh Variation |  Flexible Defense,2
1014,Sicilian Defense: Magnus Smith Trap,2
1015,Queen's Gambit Accepted: Central Variation |  McDonnell Defense |  Somov Gambit,2
1016,King's Gambit |  Falkbeer Countergambit |  Nimzowitsch-Marshall Countergambit,2
1017,King's Gambit |  Falkbeer Countergambit |  Staunton Line,2
1018,Sicilian Defense: McDonnell Attack |  Tal Gambit,2
1019,King's Indian Defense: Accelerated Averbakh Variation,2
1020,Philidor Defense: Nimzowitsch Variation |  Klein Variation,2
1021,Sicilian Defense: Sozin |  not Scheveningen,2
1022,Philidor Defense: Larsen Variation,2
1023,Center Game: Kieseritzky Variation #2,2
1024,Latvian Gambit: Mlotkowski Variation,2
1025,Nimzowitsch Defense: French Connection,2
1026,Center Game Accepted,2
1027,Lion Defense: Anti-Philidor |  Lion's Cave,2
1028,Colle System: Traditional Colle,2
1029,Barnes Opening: Walkerling,2
1030,Center Game: Kieseritzky Variation #3,2
1031,Sicilian Defense: O'Kelly Variation |  Venice System,2
1032,Sicilian Defense: Scheveningen Variation |  Matanovic Attack,2
1033,Nimzo-Indian Defense: Three Knights Variation |  Duchamp Variation,2
1034,Benko Gambit Accepted |  Fianchetto Variation,2
1035,Nimzo-Indian Defense: Normal Variation |  Gligoric System,2
1036,Sicilian Defense: Scheveningen Variation |  Classical Variation #2,2
1037,Neo-Gruenfeld Defense: Classical Variation |  Modern Defense,2
1038,Nimzowitsch Defense: Kennedy Variation |  Keres Attack,2
1039,Latvian Gambit Accepted |  Main Line,2
1040,Sicilian Defense: Nimzowitsch Variation,2
1041,Caro-Kann Defense: Ulysses Gambit,2
1042,King's Indian Defense: Steiner Attack,2
1043,King's Indian |  Fianchetto |  Classical Variation |  8.e4,2
1044,Caro-Kann Defense: Panov Attack |  Modern Defense |  Mieses Line,2
1045,Sicilian Defense: Smith-Morra Gambit Declined |  Push Variation,2
1046,Petrov's Defense #3,2
1047,Sicilian Defense: Smith-Morra Gambit Declined |  Alapin Formation,2
1048,Sicilian Defense: O'Kelly Variation |  Normal System,2
1049,Latvian Gambit Accepted |  Bilguer Variation,2
1050,Sicilian Defense: Smith-Morra Gambit Accepted |  Paulsen Formation,2
1051,Catalan Opening,2
1052,Nimzowitsch Defense: Scandinavian Variation |  Bogoljubov Variation |  Vehre Variation,2
1053,King's Pawn Game: Pachman Wing Gambit,2
1054,Sicilian Defense: Smith-Morra Gambit Accepted |  Kan Formation,2
1055,Nimzowitsch Defense: Lean Variation,2
1056,King's Gambit Accepted: King Knight's Gambit,2
1057,Polish Opening: Schiffler-Sokolsky Variation,2
1058,Italian Game: Evans Gambit |  Slow Variation,2
1059,Caro-Kann Defense: Accelerated Panov Attack |  Open Variation,2
1060,Queen's Gambit Declined: Modern |  Knight Defense,2
1061,Queen's Gambit Refused: Albin Countergambit |  Lasker Trap,2
1062,Queen's Gambit Declined: Modern |  Knight Defense #3,2
1063,Sicilian Defense: French Variation |  Westerinen Attack,2
1064,King's Gambit Accepted |  Becker Defense,2
1065,Italian Game: Two Knights Defense |  Polerio Defense |  Kieseritzky Variation,2
1066,Queen's Gambit Declined: Westphalian Variation,2
1067,Elephant Gambit: Maroczy Gambit,2
1068,Queen's Gambit Declined: Ragozin Defense |  Alekhine Variation,2
1069,Italian Game: Evans Gambit |  Pierce Defense,2
1070,Queen's Gambit Declined: Semi-Tarrasch Defense,2
1071,English Opening: Agincourt Defense |  Catalan Defense,2
1072,Slav Defense: Slav Gambit |  Alekhine Attack,2
1073,Queen's Gambit Declined: Semi-Tarrasch |  San Sebastian Variation,2
1074,Queen's Indian Defense: Classical Variation |  Tiviakov Defense,2
1075,Tarrasch Defense: Classical Variation,2
1076,Kangaroo Defense: Keres Defense |  Transpositional Variation,2
1077,Queen's Gambit Declined: Tarrasch Defense: 4.cxd5 exd5,2
1078,Queen's Indian Defense: Kasparov-Petrosian Variation |  Marco Defense,2
1079,Queen's Indian Defense: Fianchetto Variation |  Saemisch Variation,2
1080,Tarrasch Defense: Schara Gambit,2
1081,King's Gambit Accepted |  Bishop's Gambit |  Lopez Defense,2
1082,Queen's Gambit Declined: Harrwitz Attack |  Two Knights Defense,2
1083,Italian Game: Scotch Gambit |  Walbrodt-Baird Gambit,2
1084,Queen's Gambit Refused: Chigorin Defense |  Lazard Gambit,2
1085,Italian Game: Two Knights Defense |  Max Lange Attack,2
1086,Italian Game: Evans Gambit,2
1087,King's Gambit Accepted |  Muzio Gambit |  Sarratt Defense,2
1088,Italian Game: Evans Gambit |  Main Line,2
1089,Three Knights Opening: Schlechter Variation,2
1090,King's Gambit Accepted |  Hanstein Gambit,2
1091,English Opening: Symmetrical Variation |  Symmetrical Variation,2
1092,Queen's Gambit Declined: Hastings Variation,2
1093,English Opening: Achilles-Omega Gambit,2
1094,Italian Game: Giuoco Piano |  Bernstein Variation,2
1095,St. George Defense: Zilbermints Gambit,1
1096,Sicilian Defense: O'Kelly Variation |  Reti System,1
1097,Sicilian Defense: Smith-Morra Gambit Accepted |  Morphy Defense,1
1098,Alekhine Defense: Four Pawns Attack |  Fianchetto Variation,1
1099,St. George Defense: Woodchuck Variation,1
1100,Sicilian Defense: Smith-Morra Gambit Accepted |  Fianchetto Defense,1
1101,Alekhine Defense: Four Pawns Attack |  Main Line,1
1102,Alekhine Defense: Four Pawns Attack |  6...Nc6,1
1103,Benoni Defense: Classical Variation |  Averbakh-Grivas Attack,1
1104,Sicilian Defense: Dragon Variation |  Yugoslav Attack |  Belezky Line,1
1105,Sicilian Defense: O'Kelly Variation |  Maroczy Bind |  Paulsen Line,1
1106,Sicilian Defense: Richter-Rauzer Variation,1
1107,Sicilian Defense: Kveinis Variation,1
1108,Valencia Opening,1
1109,Zukertort Opening: The Walrus,1
1110,Semi-Slav Defense: Noteboom Variation |  Abrahams Variation,1
1111,Semi-Slav Defense: Quiet Variation,1
1112,Sicilian Defense: Richter-Rauzer Variation |  Vitolins Variation,1
1113,Sicilian Defense: Pin Variation |  Koch Variation,1
1114,Sicilian Defense: Dragon Variation |  Yugoslav Attack |  Panov Variation,1
1115,Sicilian Defense: Paulsen Variation |  Bastrikov Variation |  English Attack,1
1116,Sicilian Defense: Scheveningen Variation |  Delayed Keres Attack,1
1117,Sicilian Defense: Scheveningen Variation |  English Attack,1
1118,Alekhine Defense: Steiner Variation,1
1119,Benko Gambit Accepted |  Modern Variation,1
1120,Sicilian Defense: Scheveningen Variation |  Keres Attack,1
1121,Bird Opening: Sturm Gambit,1
1122,Semi-Slav Defense: Stoltz Variation |  Center Variation,1
1123,Sicilian Defense: Scheveningen Variation |  Modern Variation,1
1124,Bishop's Opening: Berlin Defense |  Greco Gambit,1
1125,Alekhine Defense #3,1
1126,Alekhine Defense: Balogh Variation,1
1127,Sicilian Defense: Scheveningen Variation |  Vitolins Variation,1
1128,Sicilian Defense: Four Knights Variation |  Exchange Variation,1
1129,Sicilian Defense: O'Kelly Variation |  Venice System |  Ljubojevic Line,1
1130,Tarrasch Defense: Classical Variation |  Carlsbad Variation,1
1131,Tarrasch Defense: Classical Variation |  Advance Variation,1
1132,Slav Defense: Winawer Countergambit,1
1133,Sicilian Defense: Dragon Variation |  Levenfish Variation |  Main Line,1
1134,Van Geet Opening: Berlin Gambit,1
1135,Benko Gambit Declined |  Hjoerring Countergambit,1
1136,Benko Gambit Declined |  Main Line,1
1137,Benoni Defense: Modern Variation |  Snake Variation,1
1138,Sicilian Defense: Myers Attack,1
1139,Sicilian Defense: Dragon Variation |  Yugoslav Attack |  Sosonko Variation,1
1140,Sicilian Defense: Mongoose Variation,1
1141,Benko Gambit Declined |  Quiet Line,1
1142,Van Geet Opening: Sicilian Two Knights,1
1143,Sicilian Defense: Dragon Variation |  Classical Variation,1
1144,Sicilian Defense: Kan Variation |  Polugaevsky Variation,1
1145,Vienna Game: Omaha Gambit,1
1146,Amazon Attack: Siberian Attack,1
1147,Benko Gambit: Zaitsev System,1
1148,Benoni Defense: Classical Variation |  Main Line,1
1149,Sicilian Defense: Double-Dutch Gambit,1
1150,Slav Defense: Alekhine Variation,1
1151,Alekhine Defense: Modern Variation |  Larsen-Haakert Variation,1
1152,Slav Defense: Geller Gambit #2,1
1153,Benoni Defense: Cormorant Gambit,1
1154,Sicilian Defense: Closed Variation |  Chameleon Variation,1
1155,Slav Defense: Diemer Gambit,1
1156,Sicilian Defense: Closed Variation |  Korchnoi Defense,1
1157,Sicilian Defense: Lasker-Pelikan Variation |  Bird Variation,1
1158,Sicilian Defense: Kupreichik Variation,1
1159,Sicilian Defense: Kan Variation |  Maroczy Bind |  Hedgehog Variation,1
1160,Benoni Defense: Benoni Gambit |  Schlenker Defense,1
1161,Zukertort Opening: Double Fianchetto Attack,1
1162,Slav Defense: Soultanbeieff Variation,1
1163,Sicilian Defense: Smith-Morra Gambit Declined |  Scandinavian Formation,1
1164,Sicilian Defense: Smith-Morra Gambit Declined |  Wing Formation,1
1165,Benko Gambit Accepted |  Pawn Return Variation,1
1166,Bird Opening: Dutch Variation |  Dudweiler Gambit,1
1167,Zukertort Opening: Basman Defense,1
1168,Sicilian Defense: Nimzowitsch Variation |  Main Line,1
1169,Sicilian Defense: Smith-Morra Gambit Deferred,1
1170,Zukertort Opening,1
1171,Slav Defense: Two Knights Attack,1
1172,Sicilian Defense: Nimzo-American Variation,1
1173,Benko Gambit Accepted |  Yugoslav |  without 7...Bxf1,1
1174,Sicilian Defense: Spielmann Variation,1
1175,Sicilian Defense: Najdorf Variation |  Scheveningen Variation,1
1176,Australian Defense,1
1177,Sicilian Defense: Najdorf Variation |  Polugaevsky Variation,1
1178,Sicilian Defense: Dragon Variation |  Levenfish Variation,1
1179,Sicilian Defense: Dragon Variation |  Fianchetto Variation,1
1180,Sicilian Defense: Najdorf Variation |  Opocensky Variation |  Traditional Line,1
1181,Benoni Defense: Taimanov Variation,1
1182,Sicilian Defense: Dragon Variation |  Classical Variation |  Normal Line,1
1183,Sicilian Defense: Buecker Variation,1
1184,Sicilian Defense: Wing Gambit Deferred,1
1185,Sicilian Defense: Najdorf Variation |  Neo-Classical Defense,1
1186,Semi-Slav Defense: Noteboom Variation,1
1187,Queen's Gambit Declined: Barmen Variation,1
1188,Semi-Slav Defense: Meran Variation |  Wade Variation,1
1189,Nimzo-Indian Defense: Fischer Variation,1
1190,King's Gambit Accepted: Allgaier |  Schlechter Defense,1
1191,Dutch Defense: Semi-Leningrad Variation,1
1192,King's Gambit Declined: Classical |  Soldatenkov Variation,1
1193,King's Gambit Declined: Falkbeer |  Milner-Barry Variation,1
1194,King's Gambit |  Falkbeer Countergambit |  Miles Gambit,1
1195,King's Gambit |  Falkbeer Countergambit |  Modern Transfer,1
1196,King's Gambit: Panteldakis Countergambit,1
1197,King's Indian Attack: Pachman System,1
1198,King's Indian Attack: Yugoslav Variation,1
1199,King's Indian Defense: Averbakh Variation |  Modern Defense,1
1200,King's Indian Defense: Fianchetto Variation |  Classical Fianchetto,1
1201,King's Indian Defense: Fianchetto Variation |  Panno Variation,1
1202,King's Indian Defense: Normal Variation |  Deferred Fianchetto,1
1203,King's Indian Defense: Orthodox Variation |  Bayonet Attack,1
1204,King's Indian Defense: Orthodox Variation |  Donner Defense,1
1205,Dutch Defense: Staunton Gambit,1
1206,King's Gambit Accepted |  Salvio Gambit,1
1207,King's Gambit Accepted |  Rosentreter-Testa Gambit,1
1208,King's Gambit Accepted,1
1209,Italian Game: Scotch Gambit |  Max Lange Attack |  Spielmann Defense,1
1210,Italian Game: Scotch Gambit |  de Riviere Defense,1
1211,English Opening: Agincourt Defense |  Catalan Defense |  Semi-Slav Defense,1
1212,Italian Game: Two Knights Defense |  Perreux Variation,1
1213,Italian Game: Two Knights Defense |  Traxler Counterattack,1
1214,Dutch Defense: Staunton Gambit |  Nimzowitsch Variation,1
1215,King's Gambit Accepted |  Abbazia Defense,1
1216,King's Gambit Accepted |  Rosentreter Gambit,1
1217,King's Gambit Accepted |  Bishop's Gambit |  Bogoljubov Variation,1
1218,King's Gambit Accepted |  Dodo Variation,1
1219,King's Gambit Accepted |  Ghulam-Kassim Gambit,1
1220,King's Gambit Accepted |  Greco Gambit,1
1221,King's Gambit Accepted |  Kieseritzky Gambit |  Berlin Defense,1
1222,King's Gambit Accepted |  Kieseritzky Gambit |  Kolisch Defense,1
1223,King's Indian Defense: Orthodox Variation |  Glek Defense,1
1224,King's Indian Defense: Orthodox Variation |  Positional Defense,1
1225,King's Indian Defense: Orthodox Variation |  Positional Defense |  Closed Line,1
1226,Neo-Gruenfeld Defense,1
1227,Center Game: von der Lasa Gambit,1
1228,Modern Defense: Averbakh System |  Kotov Variation,1
1229,Modern Defense: Averbakh System |  Randspringer Variation,1
1230,Modern Defense: Beefeater Variation,1
1231,Modern Defense: Lizard Defense |  Mittenberger Gambit,1
1232,Modern Defense: Pseudo-Austrian Attack,1
1233,Neo-Gruenfeld Defense: Classical Variation,1
1234,Mexican Defense: Horsefly Gambit,1
1235,Neo-Gruenfeld Defense: Classical Variation |  Polgar Variation,1
1236,Neo-Gruenfeld Defense: Non- or Delayed Fianchetto,1
1237,Center Game: Ross Gambit,1
1238,Nimzo-Indian Defense: 4.e3 e8g8 |  5.Nf3 |  without ...d5,1
1239,Nimzo-Indian Defense: Classical Variation |  Keres Defense,1
1240,Nimzo-Indian Defense: Classical Variation |  Zurich Variation,1
1241,Mikenas Defense: Lithuanian Variation,1
1242,Latvian Gambit: Mason Countergambit,1
1243,King's Indian Defense: Orthodox Variation |  Ukrainian Defense,1
1244,Dutch Defense: Ilyin-Zhenevsky |  Winter Variation,1
1245,King's Indian Defense: Petrosian Variation,1
1246,King's Indian Defense: Petrosian Variation |  Stein Defense,1
1247,King's Indian Defense: Semi-Classical Variation |  Benoni Variation,1
1248,King's Indian |  Orthodox |  7...Nbd7 8.Re1,1
1249,Dutch Defense: Leningrad Variation |  Matulovic Variation,1
1250,Dutch Defense: Korchnoi Attack,1
1251,King's Pawn Game: Bavarian Gambit,1
1252,King's Pawn Opening: Speers,1
1253,Dutch Defense: Classical Variation |  Ilyin-Zhenevsky Variation |  Modern Main Line,1
1254,King's Pawn Game: Clam Variation |  King's Gambit Reversed,1
1255,Dutch Defense: Alapin Variation,1
1256,Doery Defense,1
1257,Danish Gambit Accepted |  Schlechter Defense,1
1258,King's Pawn Game: Philidor Gambit,1
1259,Italian Game: Scotch Gambit |  Max Lange Attack,1
1260,Italian Game: Scotch Gambit |  Double Gambit Accepted,1
1261,Italian Game: Scotch Gambit |  Anderssen Attack,1
1262,English Opening: King's English Variation |  Keres Defense,1
1263,French Defense: Classical Variation |  Pollock Variation,1
1264,English Opening: King's English Variation |  Taimanov Variation,1
1265,English Opening: King's English Variation |  Nimzowitsch-Flohr Variation,1
1266,French Defense: Franco-Hiva Gambit I Accepted,1
1267,French Defense: Franco-Hiva Gambit II,1
1268,French Defense: Horwitz Attack |  Papa-Ticulat Gambit,1
1269,French Defense: La Bourdonnais Variation |  Reuter Gambit,1
1270,French Defense: Baeuerle Gambit,1
1271,French Defense: MacCutcheon Variation |  Exchange Variation,1
1272,English Opening: King's English Variation |  Four Knights Variation |  Korchnoi Line,1
1273,French Defense: Rubinstein Variation |  Kasparov Attack,1
1274,English Opening: Jaenisch Gambit,1
1275,French Defense: Tarrasch Variation |  Chistyakov Defense |  Modern Line,1
1276,French Defense: Tarrasch Variation |  Modern System,1
1277,French Defense: Banzai-Leong Gambit,1
1278,French Defense: Alekhine-Chatard Attack |  Maroczy Variation,1
1279,French Defense: Winawer Variation |  Advance Variation |  Moscow Variation,1
1280,Four Knights Game: Spanish Variation |  Symmetrical Variation #3,1
1281,Englund Gambit Complex: Soller Gambit Deferred,1
1282,English Opening: Symmetrical Variation |  Hedgehog Defense,1
1283,Four Knights Game: Rubinstein Countergambit |  Henneberger Variation,1
1284,Four Knights Game: Scotch Variation |  Belgrade Gambit,1
1285,English Opening: Symmetrical Variation |  Botvinnik System Reversed,1
1286,English Opening: Symmetrical Variation |  Anti-Benoni Variation |  Spielmann Defense,1
1287,English Opening: Neo-Catalan,1
1288,French Defense: Alekhine-Chatard Attack |  Breyer Variation,1
1289,English Opening: Mikenas-Carls Variation,1
1290,French Defense: Advance Variation |  Lputian Variation,1
1291,English Opening: King's English Variation |  Two Knights Variation |  Keres Variation,1
1292,French Defense: Advance Variation |  Nimzowitsch Gambit,1
1293,English Opening: King's English Variation |  Two Knights Variation |  Fianchetto Line,1
1294,French Defense: Alapin Gambit,1
1295,French Defense: Tarrasch Variation |  Open System |  Main Line,1
1296,French Defense: Winawer Variation |  Alekhine-Maroczy Gambit,1
1297,Italian Game: Scotch Gambit Declined #2,1
1298,Italian Game: Evans Gambit |  Anderssen Defense,1
1299,English Opening: Anglo-Indian Defense |  Anti-Anti-Gruenfeld,1
1300,Italian Game: Classical Variation |  Greco Gambit |  Greco Variation,1
1301,Italian Game: Classical Variation |  Greco Gambit |  Main Line,1
1302,Italian Game: Classical Variation |  La Bourdonnais Variation,1
1303,Italian Game: Evans Gambit Declined |  5.a4,1
1304,Italian Game: Evans Gambit Declined |  Cordel Variation,1
1305,Italian Game: Evans Gambit |  Anderssen Variation,1
1306,Italian Game: Classical Variation |  Center Holding Variation,1
1307,Italian Game: Evans Gambit |  Harding Variation,1
1308,Italian Game: Evans Gambit |  Morphy Attack,1
1309,Italian Game: Evans Gambit |  Stone-Ware Variation,1
1310,English Opening: Anglo-Indian Defense |  Anglo-Gruenfeld Variation,1
1311,English Opening: Agincourt Defense |  Neo-Catalan Declined,1
1312,Italian Game: Scotch Gambit,1
1313,Italian Game: Classical Variation |  Closed Variation,1
1314,English Opening: Anglo-Indian Defense |  Old Indian Formation,1
1315,French Defense: Winawer Variation |  Bogoljubov Variation,1
1316,Gruenfeld Defense: Botvinnik Variation,1
1317,French Defense: Winawer Variation |  Retreat Variation,1
1318,English Opening: Anglo-Scandinavian Defense |  Schulz Gambit,1
1319,Global Opening,1
1320,Goldsmith Defense: Picklepuss Defense,1
1321,English Opening: Anglo-Scandinavian Defense |  Loehn Gambit,1
1322,Grob Opening: Spike Attack,1
1323,Gruenfeld Defense: Brinckmann Attack,1
1324,Indian Game: Reversed Chigorin Defense,1
1325,Gruenfeld Defense: Exchange Variation |  Classical Variation,1
1326,Gruenfeld Defense: Russian Variation |  Accelerated Variation,1
1327,Gruenfeld Defense: Three Knights Variation #2,1
1328,Hungarian Opening: Buecker Gambit,1
1329,English Opening: Anglo-Indian Defense |  Queen's Indian Formation,1
1330,Indian Game: Omega Gambit,1
1331,Nimzo-Indian Defense: Classical |  Noa Variation |  5.cxd5 exd5,1
1332,Nimzo-Indian Defense: Huebner Variation |  Rubinstein Variation,1
1333,Semi-Slav Defense: Meran Variation,1
1334,Nimzo-Indian Defense: Kmoch Variation,1
1335,Queen's Pawn Game: Veresov Attack |  Shaviliuk Gambit,1
1336,Queen's Pawn Game: Veresov Attack |  Veresov Variation,1
1337,Rat Defense: English Rat |  Lisbon Gambit,1
1338,Rubinstein Opening,1
1339,Rubinstein Opening: Bogoljubov Defense,1
1340,Russian Game: Classical Attack |  Closed Variation,1
1341,Russian Game: Classical Attack |  Mason Variation,1
1342,Russian Game: Classical Attack |  Staunton Variation,1
1343,Russian Game: Millennium Attack,1
1344,Russian Game: Modern Attack,1
1345,Russian Game: Modern Attack |  Murrey Variation,1
1346,Ruy Lopez: Alapin Defense,1
1347,Ruy Lopez: Berlin Defense |  Closed Bernstein Variation,1
1348,Ruy Lopez: Berlin Defense |  Hedgehog Variation,1
1349,Ruy Lopez: Berlin Defense |  Minckwitz Variation,1
1350,Queen's Pawn Game: Veresov Attack |  Dutch System,1
1351,Queen's Pawn Game: Veresov Attack |  Boyce Defense,1
1352,Queen's Pawn Game: Veresov Attack |  Anti-Veresov,1
1353,Queen's Indian Defense: Classical Variation |  Traditional Variation |  Nimzowitsch Line,1
1354,Caro-Kann Defense: Classical Variation |  Lobron System,1
1355,Queen's Gambit Refused: Austrian Attack |  Salvio Countergambit,1
1356,Queen's Gambit Refused: Baltic Defense |  Pseudo-Chigorin,1
1357,Queen's Gambit Refused: Baltic Defense |  Queen Attack,1
1358,Queen's Indian Defense: Classical Variation |  Polugaevsky Gambit,1
1359,Queen's Indian Defense: Classical Variation |  Traditional Variation,1
1360,Queen's Indian Defense: Fianchetto Variation |  Check Variation,1
1361,Queen's Pawn Game: Torre Attack |  Gruenfeld Variation,1
1362,Queen's Indian Defense: Fianchetto Variation |  Nimzowitsch Variation,1
1363,Queen's Pawn Game: Barry Attack |  Gruenfeld Variation,1
1364,Queen's Pawn Game: Colle System |  Gruenfeld Formation,1
1365,Queen's Pawn Game: Englund Gambit,1
1366,Queen's Pawn Game: Huebsch Gambit,1
1367,Budapest Defense: Fajarowicz Variation,1
1368,Ruy Lopez: Berlin Defense |  Rosenthal Variation,1
1369,Ruy Lopez: Berlin Defense: Mortimer Trap,1
1370,Blackmar-Diemer Gambit: Tartakower Variation,1
1371,Bishop's Opening: Philidor Variation,1
1372,Bishop's Opening: Warsaw Gambit,1
1373,Scandinavian Defense: 2.b3,1
1374,Scandinavian Defense: Anderssen Counterattack |  Collijn Variation,1
1375,Scandinavian Defense: Anderssen Counterattack |  Goteborg System,1
1376,Scandinavian Defense: Richter Variation,1
1377,Scandinavian Defense: Zilbermints Gambit,1
1378,Scotch Game: Fraser Variation,1
1379,Ruy Lopez: Schliemann Defense |  Exchange Variation,1
1380,Scotch Game: Horwitz Attack,1
1381,Bishop's Opening: Lewis Gambit,1
1382,Scotch Game: Scotch Gambit |  Kingside Variation,1
1383,Scotch Game: Vitzthum Attack,1
1384,Bishop's Opening: Boden-Kieseritzky Gambit,1
1385,Semi-Slav Defense: Marshall Gambit |  Main Line,1
1386,Ruy Lopez: Schliemann Defense |  Tartakower Variation,1
1387,Ruy Lopez: Open Variations |  Classical Defense,1
1388,Ruy Lopez: Central Countergambit,1
1389,Ruy Lopez: Marshall Attack |  Modern Variation,1
1390,Ruy Lopez: Classical Variation |  Modern Main Line,1
1391,Ruy Lopez: Closed Variations |  Pilnik Variation,1
1392,Ruy Lopez: Closed Variations |  Yates Variation |  Short Attack,1
1393,Ruy Lopez: Exchange Variation |  Alekhine Variation,1
1394,Blackmar-Diemer Gambit: Euwe Defense,1
1395,Ruy Lopez: Exchange |  Alekhine Variation,1
1396,Blackmar-Diemer Gambit Declined |  Weinsbach Declination,1
1397,Ruy Lopez: Open Variations,1
1398,Ruy Lopez: Morphy Defense |  Arkhangelsk Variation,1
1399,Ruy Lopez: Morphy Defense |  Breyer Defense |  Quiet Variation,1
1400,Ruy Lopez: Morphy Defense |  Cozio Defense,1
1401,Ruy Lopez: Morphy Defense |  Norwegian Variation,1
1402,Ruy Lopez: Morphy Defense |  Norwegian Variation |  Nightingale Gambit,1
1403,Blackmar-Diemer Gambit Declined |  Brombacher Countergambit,1
1404,Queen's Gambit Declined: Tartakower Defense |  Makogonov Exchange Variation,1
1405,Queen's Gambit Declined: Tartakower Defense,1
1406,Queen's Gambit Declined: Tarrasch Defense |  Pseudo-Tarrasch Bishop Attack,1
1407,Philidor Defense: Philidor Countergambit |  Zukertort Variation,1
1408,Philidor Defense: Bird Gambit,1
1409,Caro-Kann Defense: Panov Attack |  Gunderam Attack,1
1410,Philidor Defense: Hanham Variation |  Krause Variation,1
1411,Philidor Defense: Lion Variation |  Lion's Claw II,1
1412,Philidor Defense: Morphy Gambit,1
1413,Philidor Defense: Paulsen Attack,1
1414,Caro-Kann Defense: Massachusetts Defense,1
1415,Caro-Kann Defense: Rasa-Studier Gambit,1
1416,Pirc Defense: Austrian Attack #2,1
1417,Pirc Defense: Austrian Attack |  Kurajica Variation,1
1418,Pirc Defense: Austrian Attack |  Ljubojevic Variation,1
1419,Caro-Kann Defense: Maroczy Variation |  Maroczy Gambit,1
1420,Pirc Defense: Classical Variation |  Quiet System |  Chigorin Line,1
1421,Polish Opening: Baltic Defense,1
1422,Philidor Defense: Alapin-Blackburne Gambit,1
1423,Petrov's Defense #5,1
1424,Polish Opening: Bugayev Advance Variation,1
1425,Nimzo-Indian Defense: Saemisch Variation,1
1426,Nimzo-Indian Defense: Normal Variation |  Bishop Attack,1
1427,Nimzo-Indian Defense: Normal Variation |  Bishop Attack |  Classical Defense,1
1428,Nimzo-Indian Defense: Normal Variation |  Schlechter Defense,1
1429,Center Game: Lanc-Arnold Gambit |  Schippler Gambit,1
1430,Nimzo-Indian Defense: Reshevsky Variation,1
1431,Nimzo-Indian Defense: Romanishin Variation #2,1
1432,Nimzo-Larsen Attack: Dutch Variation,1
1433,Old Indian: Czech Variation,1
1434,Nimzo-Larsen Attack: Spike Variation,1
1435,Catalan Opening: Open Defense,1
1436,Nimzowitsch Defense: Scandinavian Variation |  Bogoljubov Variation |  Heinola-Deppe Gambit,1
1437,Caro-Kann Defense: von Hennig Gambit,1
1438,Old Indian Defense: Tartakower-Indian,1
1439,Old Indian Defense: Two Knights Variation,1
1440,Polish Opening: Birmingham Gambit,1
1441,Polish Opening: Dutch Defense,1
1442,Queen's Gambit Declined: Slav |  Dutch Variation,1
1443,Queen's Gambit Declined: Capablanca,1
1444,Caro-Kann Defense: De Bruycker Defense,1
1445,Queen's Gambit Declined: Alapin Variation,1
1446,Queen's Gambit Declined: Anti-Tartakower Variation,1
1447,Queen's Gambit Declined: Been-Koomen Variation,1
1448,Queen's Gambit Declined: Cambridge Springs Defense: Capablanca Variation,1
1449,Queen's Gambit Declined: Cambridge Springs Variation,1
1450,Queen's Gambit Declined: Capablanca |  Anti-Cambridge Springs Variation,1
1451,Queen's Gambit Accepted: Normal Variation |  Traditional System,1
1452,Queen's Gambit Declined: Exchange Variation |  Reshevsky Variation,1
1453,Queen's Gambit Declined: Janowski Variation,1
1454,Queen's Gambit Declined: Modern Variation |  Heral Variation,1
1455,Queen's Gambit Declined: Neo-Orthodox Variation,1
1456,Queen's Gambit Declined: Pseudo-Tarrasch Variation,1
1457,Queen's Gambit Declined: Semi-Tarrasch Defense |  Exchange Variation,1
1458,Queen's Gambit Accepted: Schwartz Defense,1
1459,Queen's Gambit Accepted: Gunsberg Defense |  Prianishenmo Gambit,1
1460,Polish Opening: Grigorian Variation,1
1461,Portuguese Opening: Portuguese Gambit,1
1462,Polish Opening: King's Indian Variation |  Schiffler Attack,1
1463,Polish Opening: Queen's Indian Variation,1
1464,Polish Opening: Tartakower Gambit,1
1465,Polish Opening: Zukertort System,1
1466,Caro-Kann Defense: Karpov Variation |  Tiviakov-Fischer Attack,1
1467,Ponziani Opening: Romanishin Variation,1
1468,Pterodactyl Defense: Western |  Rhamphorhynchus,1
1469,Queen's Gambit Accepted: Gunsberg Defense,1
1470,Caro-Kann Defense: Gurgenidze System,1
1471,Queen's Gambit Accepted: Alekhine Defense |  Haberditz Variation,1
1472,Queen's Gambit Accepted: Bogoljubov Defense,1
1473,Queen's Gambit Accepted: Central Variation |  Rubinstein Defense,1
1474,Queen's Gambit Accepted: Central Variation |  Rubinstein Defense |  Yefimov Gambit,1
1475,Queen's Gambit Accepted: Deferred Variation,1
1476,Zukertort Opening: Wade Defense,1
